0,AAhanAchar,
1,AamerIkram,
2,AamerYamin,
3,AamirKaleem,
4,AANoffke,
5,AAObanda,
6,AAOnikoyi,
7,AaqibSulehri,
8,AarifSheikh,
9,AaronJones,
10,ABagai,
11,ABAgarkar,
12,ABalbirnie,
13,ABBarath,
14,ABdeVilliers,
15,ABDinda,
16,AbdulHashim,
17,AbdullahSheikh,
18,AbdulRazzaq,
19,AbdulShakoor,
20,Abdul-ShakoorRahimzei,
21,AbdurRazzak,
22,AbdurRehman,
23,ABhagwat,
24,ABhattarai,
25,ABohara,
26,AbraashKhan,
27,AbuHider,
28,AbulHasan,
29,ABulow,
30,ACAgar,
31,ACBotha,
32,ACDouglas,
33,ACEvans,
34,ACFStokes,
35,ACGilchrist,
36,ACLRichards,
37,ACVoges,
38,ADananjaya,
39,ADHales,
40,ADMascarenhas,
41,ADMathews,
42,AdnanIdrees,
43,AdnanIlyas,
44,AdnanMufti,
45,ADPoynter,
46,ADRussell,
47,ADSFletcher,
48,AEParaam,
49,AFBuurman,
50,AfifHossain,
51,AFIfill,
52,AFlintoff,
53,AFMilne,
54,AfsarZazai,
55,AftabAhmed,
56,AftabAlam,
57,AGavde,
58,AGCremer,
59,AGPrince,
60,AhmedFaizMohammadNoor,
61,AhmedHassan,
62,AhmedRaza,
63,AhmedShehzad,
64,AhmedWardak,
65,AhsanAbbasi,
66,AhsanMalik,
67,AinoolHafizs,
68,AinoolHaqqiem,
69,AizazCheema,
70,AizazKhan,
71,AJAyannaike,
72,AJFinch,
73,AJHall,
74,AJMcKay,
75,AJRedmond,
76,AJStaal,
77,AJStrauss,
78,AJTurner,
79,AJTye,
80,AKarn,
81,AKhan,
82,AKMandal,
83,AKPerera,
84,AKrishna,
85,Al-AminHossain,
86,AliNaqi,
87,AlokKapali,
88,ALPhehlukwayo,
89,ALStephen,
90,AMansale,
91,AMartin,
92,AMBlignaut,
93,AmeelMauroof,
94,AmeerSaiyed,
95,AMehmood,
96,AMEllis,
97,AMGuruge,
98,AminuddinRamly,
99,AminulIslamBiplob,
100,AmirAli,
101,AmirHamza,
102,AmirMangal,
103,AMishra,
104,AmjadAli,
105,AmjadGul,
106,AmjadJaved,
107,AmjadMahboob,
108,AMorris,
109,AMOyede,
110,AMPhangiso,
111,AMRahane,
112,AnamMollik,
113,AnamulHaque,
114,ANao,
115,AnasKhan,
116,ANCook,
117,ANdlovu,
118,ANehra,
119,ANeill,
120,ANel,
121,AniqueUddin,
122,ANKervezee,
123,ANortje,
124,AnowarulIslam,
125,ANPetersen,
126,AnsarIqbal,
127,AnshumanRath,
128,AnwarAli,
129,AnwarArudin,
130,AnwarRahman,
131,AOrfila,
132,AOSuji,
133,AOtwani,
134,APDevcich,
135,APoulose,
136,AqibIlyas,
137,ARAdams,
138,ArafatSunny,
139,ARangaswamy,
140,ARCusack,
141,ARGandhi,
142,AritraDutta,
143,ARMcBrine,
144,ARNurse,
145,ARPatel,
146,ArsalanQadir,
147,ArslanAhmed,
148,ARWhite,
149,ASAbioye,
150,AsadAli,
151,AsadMohammad,
152,AsadShafiq,
153,ASarma,
154,ASDean,
155,AsgharStanikzai,
156,AShahzad,
157,ASHansra,
158,AshfaqAhmed,
159,AsifAli,
160,ASWright,
161,ASymonds,
162,AtifAliKhan,
163,AtifMehmood,
164,ATRayudu,
165,AURashid,
166,AVala,
167,AviDixit,
168,AVLalcheta,
169,AwaisAhmed,
170,AwaisZia,
171,AWHawkins-Kay,
172,AZampa,
173,BabarAzam,
174,BabarHayat,
175,BaljitSingh,
176,BAPai,
177,BAParchment,
178,BashirShah,
179,BAStokes,
180,BAWMendis,
181,BBChari,
182,BBhandari,
183,BBJLPerera,
184,BBMcCullum,
185,BBSran,
186,BCFortuin,
187,BCJCutting,
188,BDGlover,
189,BDHStevens,
190,BEHendricks,
191,BFernando,
192,BFWdeLeede,
193,BGeeves,
194,BilalKhan,
195,BilalTahir,
196,BilawalBhatti,
197,BJDiamanti,
198,BJHaddin,
199,BJHodge,
200,BJMcCarthy,
201,BJRohrer,
202,BJWatling,
203,BKGMendis,
204,BKhumalo,
205,BKumar,
206,BLaughlin,
207,BLee,
208,BMAJMendis,
209,BMasaba,
210,BMScholtz,
211,BMWheeler,
212,BNCooper,
213,BOPFernando,
214,BRDunk,
215,BRegmi,
216,BRMTaylor,
217,BShikongo,
218,BStanlake,
219,BTJWheal,
220,BVVitori,
221,BWard,
222,BWHilfenhaus,
223,BZuiderent,
224,CAIngram,
225,CAJMeschede,
226,CAKRajitha,
227,CAKWalton,
228,CALiyanage,
229,CALynn,
230,CASoper,
231,CAYoung,
232,CBisson,
233,CBMpofu,
234,CBRLSKumara,
235,CBSole,
236,CCarter,
237,CDBarnwell,
238,CDdeLange,
239,CdeGrandhomme,
240,CDMcMillan,
241,CDWallace,
242,CFloyd,
243,CGWilliams,
244,CharanjeetSingh,
245,CHauptfleisch,
246,CHGayle,
247,ChiragSuri,
248,CHMorris,
249,CJAAmini,
250,CJAnderson,
251,CJBoyce,
252,CJChibhabha,
253,CJDelany,
254,CJFerguson,
255,CJGannon,
256,CJJordan,
257,CJMcKay,
258,CJOSmith,
259,CKCoventry,
260,CKieswetter,
261,CKKapugedera,
262,CKLangeveldt,
263,CLCairns,
264,CLWhite,
265,CMAkachukwu,
266,CMunoz-Mills,
267,CMunro,
268,CMWRead,
269,CMWright,
270,CNAckermann,
271,CNOnwuzulike,
272,COObuya,
273,CPengkumta,
274,CPSchofield,
275,CRBrathwaite,
276,CRDFernando,
277,CRErvine,
278,CRFoggo,
279,CRSuryawanshi,
280,CRWoakes,
281,CSBaugh,
282,CSMacLeod,
283,CSMartin,
284,CTMutombodzi,
285,CTommy,
286,CTTremlett,
287,CUJayasinghe,
288,CViljoen,
289,CWaiswa,
290,CWPerchard,
291,CWright,
292,CZhuwao,
293,DAJBracewell,
294,DAjekun,
295,DAMiller,
296,DAPDarrell,
297,DARankin,
298,DASGunaratne,
299,DAWarner,
300,DawlatAhmadzai,
301,DawlatZadran,
302,DBishoo,
303,DBLPowell,
304,DCato,
305,DCDelany,
306,DCStovell,
307,DDPD'Silva,
308,DEBernard,
309,DEBollinger,
310,DelawarKhan,
311,DFJacobs,
312,DFWatts,
313,DGanga,
314,DGBlampied,
315,DGBrownlie,
316,DGim,
317,DGough,
318,DHeyliger,
319,DhimanGhosh,
320,DIAllan,
321,DJakiel,
322,DJBravo,
323,DJGSammy,
324,DJHussey,
325,DJMalan,
326,DJMitchell,
327,DJReekers,
328,DJWilley,
329,DKAnefie,
330,DKButler,
331,DKegasitswe,
332,DLBrangman,
333,DLChahar,
334,DLHemp,
335,DLMaddy,
336,DLSvanBunge,
337,DLVettori,
338,DMaisuria,
339,DMBravo,
340,DMdeSilva,
341,DMGondaria,
342,DMNakrani,
343,DMongia,
344,DMRichards,
345,DMuhumuza,
346,DMurphy,
347,DMWRawlins,
348,DNAAnkrah,
349,DOChristian,
350,DOObuya,
351,DPaterson,
352,DPHyatt,
353,DPMDJayawardene,
354,DPNannes,
355,DPretorius,
356,DRamdin,
357,DRavu,
358,DRBriggs,
359,DRBrown,
360,DRFlynn,
361,DRHooper,
362,DRMartyn,
363,DRSmith,
364,DRTuffey,
365,DSAiree,
366,DSKulkarni,
367,DSSmith,
368,DTChristian,
369,DTJohnston,
370,DTTiripano,
371,DWeston,
372,DWiese,
373,DWSteyn,
374,EBRingera,
375,EChigumbura,
376,ECJoyce,
377,ECRainsford,
378,EhsanKhan,
379,EhsanNawaz,
380,EHSNSilva,
381,EIsaneez,
382,EJBMiles,
383,EJGMorgan,
384,ELeie,
385,ELewis,
386,EliasSunny,
387,EMDYMunaweera,
388,EOchieng,
389,EOtieno,
390,EPackard,
391,EPThompson,
392,ESchiferli,
393,ESSzwarczynski,
394,EUlHaq,
395,FAAllen,
396,FahadTariq,
397,FaheemAshraf,
398,FaisalJaved,
399,FaizanAsif,
400,FakharZaman,
401,FakhrulMohon,
402,FareedAhmad,
403,FarhadReza,
404,FarhanAhmed,
405,FarzanAfzal,
406,FawadAhmed,
407,FawadAlam,
408,FayyazAhmed,
409,FayyazButt,
410,FazalNiazai,
411,FBaleri,
412,FBehardien,
413,FduPlessis,
414,FHEdwards,
415,FitriSham,
416,FJKlaassen,
417,FLReifer,
418,FMutizwa,
419,FNsubuga,
420,FStoman,
421,GALamb,
422,GARogers,
423,GayanMunaweera,
424,GBakiweyem,
425,GBBrent,
426,GBHogg,
427,GCSmith,
428,GCTonge,
429,GCWilson,
430,GDDrummond,
431,GDElliott,
432,GDMcGrath,
433,GDockrell,
434,GDPhillips,
435,GDREranga,
436,GEFBarnett,
437,GEMathurin,
438,GershonYusuf,
439,GGambhir,
440,GGoudie,
441,GHBodi,
442,GHDockrell,
443,GHO'Brien,
444,GhulamShabber,
445,GHWorker,
446,GIMaiden,
447,GJBailey,
448,GJBatty,
449,GJDelany,
450,GJHopkins,
451,GJMaxwell,
452,GJMcCarter,
453,GJPKruger,
454,GJThompson,
455,GMalla,
456,GMHamilton,
457,GMStrydom,
458,GOJones,
459,GPMeade,
460,GPSwann,
461,GRDMunasinghe,
462,GSNFGJayasuriya,
463,GTMain,
464,GulbadinNaib,
465,GWAldridge,
466,GWijekoon,
467,HafizQaleem,
468,HamidHassan,
469,HammadAzam,
470,HAMShah,
471,HamzaTahir,
472,HamzaTariq,
473,HarbhajanSingh,
474,HarisSohail,
475,HaroonArshad,
476,HasanAli,
477,HaseebAmjad,
478,HashmatullahShahidi,
479,HassanRasheed,
480,HAVaraiya,
481,HayatullahNiazi,
482,Hazratullah,
483,HBKayondo,
484,HCarlyon,
485,HCOverdijk,
486,HDavids,
487,HDRLThirimanne,
488,HDRutherford,
489,HEvanderDussen,
490,HFGurney,
491,HGKuhn,
492,HGMunsey,
493,HHDippenaar,
494,HHGibbs,
495,HHiri,
496,HHPandya,
497,HJHMarshall,
498,HJJordaan,
499,HMAmla,
500,HMasakadza,
501,HMCMBandara,
502,HMNicholls,
503,HMRKBHerath,
504,HNYaFrance,
505,HOsinde,
506,HPatel,
507,HPragji,
508,HRWalsh,
509,HSBaidwan,
510,HSingh,
511,HSsenyondo,
512,HThaker,
513,HTTector,
514,IAKarim,
515,IbrahimHassan,
516,IDanladi,
517,IDRBradshaw,
518,IEO'Brien,
519,IftikharAhmed,
520,IftikharAnjum,
521,IGButler,
522,IHRomaine,
523,IJLTrott,
524,IKOAboagye,
525,IKPathan,
526,IlyasAhmed,
527,ImadWasim,
528,IMaster,
529,ImranFarhat,
530,ImranHaider,
531,ImranKhan(1),
532,ImranKhan(4),
533,ImranNazir,
534,ImranTahir,
535,ImrulKayes,
536,Inam-ul-Haq,
537,Inzamam-ul-Haq,
538,IOOkpe,
539,IPandey,
540,IqbalHussain,
541,IRBell,
542,IrfanAhmed,
543,ISBillcliff,
544,ISharma,
545,ISSodhi,
546,IUdana,
547,IWardlaw,
548,IzatullahDawlatzai,
549,JAFitzgerald,
550,JAHMarshall,
551,JahurulIslam,
552,JAMorkel,
553,JanakPrakash,
554,JAnderson,
555,JanduHamoud,
556,JARBlain,
557,JARichardson,
558,JARudolph,
559,JasdeepSingh,
560,JaspreetSingh,
561,JatinderSingh,
562,JavedAhmadi,
563,JavedMaroofkhail,
564,JBotha,
565,JBReva,
566,JButler,
567,JCButtler,
568,JCharles,
569,JCTredwell,
570,JDCampbell,
571,JDFreyone,
572,JDFVandersay,
573,JDNel,
574,JDPOram,
575,JDRyder,
576,JDSNeesham,
577,JDUnadkat,
578,JECFranklin,
579,JEdness,
580,JEDunford,
581,JEPitcher,
582,JERoot,
583,JETaylor,
584,JFMooney,
585,JHDavey,
586,JHKallis,
587,JHMensah,
588,JHStander,
589,JJAtkinson,
590,JJBumrah,
591,JJCelestine,
592,JJojo,
593,JJRoy,
594,JJSmit,
595,JJTucker,
596,JJvanderWath,
597,JKila,
598,JKKamande,
599,JKMukhiya,
600,JKVifah,
601,JLDenly,
602,JLewis,
603,JLittle,
604,JLMartel,
605,JLOntong,
606,JLouw,
607,JLPattinson,
608,JMAnderson,
609,JMBairstow,
610,JMDavison,
611,JMHow,
612,JMKemp,
613,JMMuirhead,
614,JMubarak,
615,JMulder,
616,JMVince,
617,JNFrylinck,
618,JNGillespie,
619,JNKShannon,
620,JNMohammed,
621,JNSnape,
622,JNTVare,
623,JOAdedeji,
624,JOAGordon,
625,JoginderSharma,
626,JOHolder,
627,JONgoche,
628,JPBray,
629,JPDuminy,
630,JPerman,
631,JPFaulkner,
632,JPKotze,
633,JRasu,
634,JRHazlewood,
635,JRHopes,
636,JRMVBSanjaya,
637,JSFoster,
638,JSJesani,
639,JSKundi,
640,JSMalhotra,
641,JSmits,
642,JSPatel,
643,JSumerauer,
644,JTheron,
645,JTSmuts,
646,JubairHossain,
647,JunaidKhan,
648,JunaidSheikh,
649,JunaidSiddique(2),
650,JunaidSiddique,
651,JunaidSiddiqui,
652,JVira,
653,JWChilia,
654,JWDernbach,
655,JWHastings,
656,JWJenner,
657,JWMDalrymple,
658,JWNMoses,
659,JWWilson,
660,KAJRoach,
661,Kaleemullah,
662,KamranAkmal,
663,KamranKhan(2),
664,KamranShazad,
665,KAPollard,
666,KaranKC,
667,KarimJanat,
668,KarimSadiq,
669,KBirkenstock,
670,KChristie,
671,KCSangakkara,
672,KDKarthik,
673,KDKVithanage,
674,KDMills,
675,KDoriga,
676,KDShah,
677,KGore,
678,KhalidLatif,
679,KhawarAli,
680,KhizerAhmed,
681,KHPandya,
682,KhurramChohan,
683,KhurramKhan,
684,KhurramManzoor,
685,KhurramNawaz,
686,KJAbbott,
687,KJCoetzer,
688,KJO'Brien,
689,KKAhmed,
690,KLRahul,
691,KMAPaul,
692,KMCBandara,
693,KMDabengwa,
694,KMDNKulasekara,
695,KMJadhav,
696,KMJarvis,
697,KModise,
698,KMothlhanka,
699,KNestor,
700,KOAPowell,
701,KOKWilliams,
702,KOMeth,
703,KOOtieno,
704,KPala,
705,KPierre,
706,KPPietersen,
707,KRabada,
708,KREbanks,
709,KSantokie,
710,KSBagabena,
711,KSenamontree,
712,KSLeverock,
713,KSLokuarachchi,
714,KSuttisan,
715,KSWilliamson,
716,KTGDPrasad,
717,KuldeepLal,
718,KuldeepYadav,
719,KushalMalla,
720,KVSharma,
721,KWeeraratne,
722,KWRichardson,
723,LACollado,
724,LADawson,
725,LAPomersbach,
726,LBalaji,
727,LBFerbrache,
728,LCLeTissier,
729,LDChandimal,
730,LDelany,
731,LDMadushanka,
732,LEBosman,
733,LEPlunkett,
734,LHBHarrington-Myers,
735,LHFerguson,
736,LitonDas,
737,LJBarker,
738,LJWoodcock,
739,LJWright,
740,LLouwrens,
741,LLTsotsobe,
742,LMJongwe,
743,LMPSimmons,
744,LNgidi,
745,LNOluoch,
746,LNOnyango,
747,LNou,
748,LNRajbanshi,
749,LPCSilva,
750,LRonchi,
751,LRPLTaylor,
752,LSBaker,
753,LSiaka,
754,LSLivingstone,
755,LSreekumar,
756,LTucker,
757,LVincent,
758,LVvanBeek,
759,MAboagye,
760,MACarberry,
761,Mahmudullah,
762,MALeask,
763,MandeepSingh,
764,ManpreetSingh,
765,MAnsari,
766,MansoorAmjad,
767,MAOuma,
768,MAParker,
769,MashrafeMortaza,
770,MAStarc,
771,MAWood,
772,MBhanuka,
773,MBSJonkman,
774,MBvanSchelven,
775,MCBascombe,
776,MCHenriques,
777,MCSorensen,
778,MDBates,
779,MDDai,
780,MdeLange,
781,MDGarratt,
782,MDGunathilaka,
783,MDKJPerera,
784,MDKPerera,
785,MDPatel,
786,MdShafiqulHaque,
787,MDShanaka,
788,MeetBhavsar,
789,MehediHasanMiraz,
790,MehrabHossainjnr,
791,MehranKhan,
792,MEKHussey,
793,METrescothick,
794,MFaheem,
795,MFMaharoof,
796,MGErasmus,
797,MGHunter,
798,MGJohnson,
799,MHCross,
800,MHYardy,
801,MianMehmood,
802,MirwaisAshraf,
803,Misbah-ul-Haq,
804,MJClarke,
805,MJGRippon,
806,MJGuptill,
807,MJHenry,
808,MJLumb,
809,MJMason,
810,MJMcClenaghan,
811,MJNorth,
812,MJPrior,
813,MJRichardson,
814,MJRoss,
815,MJSantner,
816,MKartik,
817,MKlinger,
818,MKPandey,
819,MKTiwary,
820,MLHayden,
821,MLLewis,
822,MLUdawatte,
823,MMAli,
824,MMIqbal,
825,MMooketsi,
826,MMorkel,
827,MMosehle,
828,MMPatel,
829,MMSharma,
830,MMuralitharan,
831,MNasimBaras,
832,MNMAslam,
833,MNRCooray,
834,MNSamuels,
835,MNtini,
836,MNvanWyk,
837,MNWaller,
838,MOBacarese,
839,MohamedArief,
840,MohamedMahfooz,
841,MohamedRishwan,
842,MohameedTaiwo,
843,MohammadAhsan,
844,MohammadAmir,
845,MohammadAshraful,
846,MohammadAsif,
847,MohammadBoota,
848,MohammadGhazanfar,
849,MohammadHafeez,
850,MohammadHasnain,
851,MohammadIrfan,
852,MohammadKashif,
853,MohammadMithun,
854,MohammadNabi,
855,MohammadNadeem,
856,MohammadNaveed,
857,MohammadNawaz(3),
858,MohammadRizlan,
859,MohammadRizwan,
860,MohammadSaifuddin,
861,MohammadSalman,
862,MohammadSami,
863,MohammadShahid,
864,MohammadShahzad(2),
865,MohammadShahzad,
866,MohammadTauqir,
867,MohammadUsman,
868,MohammadYousuf,
869,MohammedAwais,
870,MohammedNadeem,
871,MohammedQasim,
872,MohammedShami,
873,MOJones,
874,MominulHaque,
875,MosaddekHossain,
876,MPO'Dowd,
877,MPStoinis,
878,MPushpakumara,
879,MPVaughan,
880,MRAdair,
881,MRGillespie,
882,MRJWatt,
883,MRMarsh,
884,MRMontfort,
885,MRSwart,
886,MSAtapattu,
887,MSAulakh,
888,MSChapman,
889,MSCrane,
890,MSDhoni,
891,MSKasprowicz,
892,MSPanesar,
893,MSSinclair,
894,MSWade,
895,MSyahadatRamli,
896,MudassarBukhari,
897,MudassarMuhammad,
898,MuhammadKaleem,
899,MuhammadKashif,
900,MuhammadTanveer,
901,MuhammadUsman,
902,MuhammadWafiq,
903,MuhammedShanil,
904,MujeebUrRahman,
905,MukhtarAhmed,
906,MuktarAli,
907,MunirDar,
908,MusawarShah,
909,MushfiqurRahim,
910,MuslimYar,
911,MustafizurRahman,
912,MVBoucher,
913,MVijay,
914,MWMachan,
915,MWRStokes,
916,MZondeki,
917,NadeemAhmed,
918,NadifChowdhury,
919,NAdvani,
920,NaeemIslam,
921,NAGreenwood,
922,NAJanes,
923,NajeebAmar,
924,NajeebTarakai,
925,NajibullahZadran,
926,NajjamShahzad,
927,NAMaiolo,
928,NASaini,
929,NaseemKhushi,
930,NasirAziz,
931,NasirHossain,
932,NasirJamshed,
933,NasrullaRana,
934,NaumanAnwar,
935,Naved-ul-Hasan,
936,Naveen-ul-Haq,
937,NawafAhmed,
938,NawrozMangal,
939,NazakatAli,
940,Nazimuddin,
941,NazmulHossain,
942,NazmulHossainShanto,
943,NazrilRahman,
944,NBBudayair,
945,NBoje,
946,NCKLiyanage,
947,NDavin,
948,NDeonarine,
949,NDickwella,
950,NDLaegsgaard,
951,NDMcKenzie,
952,NDutta,
953,NEBonner,
954,NFIMcCallum,
955,NGJones,
956,NHNaureen,
957,NizakatKhan,
958,NJAstle,
959,NJFerraby,
960,NJMaddinson,
961,NJO'Brien,
962,NJReardon,
963,NKPatel,
964,NLMcCullum,
965,NLTCPerera,
966,NMadziva,
967,NMaster,
968,NMCarter,
969,NMCoulter-Nile,
970,NMHauritz,
971,NMLyon,
972,NMOdhiambo,
973,NM'shangwe,
974,NMSParam,
975,NNipiko,
976,NNOdhiambo,
977,NOMiller,
978,NoorAliZadran,
979,NoumanSarwar,
980,NPathan,
981,NPokana,
982,NPooran,
983,NPradeep,
984,NRKirton,
985,NRKumar,
986,NSDhaliwal,
987,NSPoonia,
988,NTBroom,
989,NurulHasan,
990,NVanua,
991,NVOjha,
992,NWBracken,
993,OAShah,
994,OBascome,
995,ODHald,
996,OENewey,
997,OGLBascome,
998,OJHairs,
999,OLPitcher,
1000,OmarHayat,
1001,OOBascome,
1002,ORWillis,
1003,OThomas,
1004,OvaisYousof,
1005,PADesai,
1006,PADLRSandakan,
1007,PAgnihotri,
1008,PAHitchcock,
1009,PANixon,
1010,PAPatel,
1011,ParvezRasool,
1012,PavandeepSingh,
1013,PAvanMeekeren,
1014,PAwana,
1015,PBBRajapaksa,
1016,PBhart,
1017,PBuccimazza,
1018,PCConnell,
1019,PDCollingwood,
1020,PDHennessy,
1021,PDMcGlashan,
1022,PDRLPerera,
1023,PGFulton,
1024,PJCummins,
1025,PJHughes,
1026,PJIngram,
1027,PJMoor,
1028,PJOngondo,
1029,PKerai,
1030,PKhadka,
1031,PKMatautaava,
1032,PKumar,
1033,PLMommsen,
1034,PManning,
1035,PMNevill,
1036,PMSeelaar,
1037,PMSiddle,
1038,PMustard,
1039,PNegi,
1040,PPChawla,
1041,PPOjha,
1042,PRaho,
1043,PRPBoissevain,
1044,PRStirling,
1045,PSAiree,
1046,PSarraf,
1047,PSilas,
1048,PUtseya,
1049,PVDChameera,
1050,PWBorren,
1051,PWHdeSilva,
1052,QadeerAhmed,
1053,QalandarKhan,
1054,QdeKock,
1055,RaagKapur,
1056,RABhatti,
1057,RaeesAhmadzai,
1058,RafatullahMohmand,
1059,RahmanullahGurbaz,
1060,RajaAdeel,
1061,RAJadeja,
1062,RakibulHasan,
1063,RameezRaja(2),
1064,RameezShahzad,
1065,RaqibulHasan,
1066,RashidKhan,
1067,RAshwin,
1068,RASLakmal,
1069,RAThomas,
1070,RavinderpalSingh,
1071,RazaHasan,
1072,RazaIqbal,
1073,Raza-ur-Rehman,
1074,RBakum,
1075,RDBerrington,
1076,RDChahar,
1077,RDhawan,
1078,RDMcCann,
1079,RDMLeverock,
1080,RDravid,
1081,RehmanAbdul,
1082,RELevi,
1083,REvanderMerwe,
1084,RFlannigan,
1085,RGAga,
1086,RGaznavi,
1087,RGMukasa,
1088,RGSharma,
1089,RGunasekera,
1090,RHekure,
1091,RIAhmed,
1092,RiazatAliShah,
1093,RizwanCheema,
1094,RizwanMahmood,
1095,RJCampbell,
1096,RJHarris,
1097,RJHatchman,
1098,RJKirtley,
1099,RJMGMRupasinghe,
1100,RJNicol,
1101,RJPeterson,
1102,RJRanpura,
1103,RJSidebottom,
1104,RJTrott,
1105,RJWTopley,
1106,RKKleinveldt,
1107,RKPaudel,
1108,RLBhudia,
1109,RLBRambukwella,
1110,RMcLaren,
1111,RMHaq,
1112,RMHira,
1113,RMLTaylor,
1114,RMSEranga,
1115,RMutumbami,
1116,RMWest,
1117,RNehonde,
1118,RNgarava,
1119,RNLewis,
1120,RNPatel,
1121,RNtenDoeschate,
1122,RobiulIslam,
1123,RohanMustafa,
1124,RokhanBarakzai,
1125,ROlipa,
1126,RonyTalukdar,
1127,RPanchal,
1128,RPArnold,
1129,RPBurl,
1130,RPillai,
1131,RPMagar,
1132,RPowell,
1133,RPSingh,
1134,RRampaul,
1135,RRHendricks,
1136,RRohan,
1137,RRPant,
1138,RRPatel,
1139,RRRossouw,
1140,RRSarwan,
1141,RRWatson,
1142,RSandaruwan,
1143,RSBopara,
1144,RSharma,
1145,RSMorton,
1146,RTari,
1147,RTelemachus,
1148,RTLyons,
1149,RTPonting,
1150,RubelHossain,
1151,RummanRaees,
1152,RVinayKumar,
1153,RVUthappa,
1154,RWChakabva,
1155,RWPrice,
1156,RWTKey,
1157,SAAbbott,
1158,SaadBinZafar,
1159,SaadNasim,
1160,SAAhmad,
1161,SabbirRahman,
1162,SAEdwards,
1163,SaeedAjmal,
1164,SagarPun,
1165,SahirNaqash,
1166,SajedulIslam,
1167,SalmanButt,
1168,SamiullahShenwari,
1169,SandeepGoud,
1170,SandeepSharma,
1171,SAOkpe,
1172,SaqibZulfiqar,
1173,SaqlainHaider,
1174,SaqlainSajib,
1175,SArachchige,
1176,SAravind,
1177,SarfrazAhmed,
1178,SAteak,
1179,SAWijeratne,
1180,SayedShirzad,
1181,SBadree,
1182,SBadrinath,
1183,SBau,
1184,SBhari,
1185,SBStyris,
1186,SCGetkate,
1187,SChanderpaul,
1188,SChandramohan,
1189,SCJBroad,
1190,SCKuggeleijn,
1191,SCMeaker,
1192,SCWilliams,
1193,SDhaniram,
1194,SDhawan,
1195,SDOuterbridge,
1196,SDParry,
1197,SEBond,
1198,SEFindlay,
1199,SEMarsh,
1200,SFMire,
1201,SGBorthwick,
1202,ShabirNoori,
1203,ShadabKhan,
1204,ShafiqSharif,
1205,Shafiqullah,
1206,ShafiulIslam,
1207,ShafrazJaleel,
1208,ShahadatHossain,
1209,ShahidAfridi,
1210,ShahidWasif,
1211,ShahzaibHasan,
1212,ShaimanAnwar,
1213,ShakeelAnsar,
1214,ShakibAlHasan,
1215,ShamsurRahman,
1216,ShapoorZadran,
1217,SharafuddinAshraf,
1218,SHARance,
1219,SharifAsadullah,
1220,SharjeelKhan,
1221,ShirazKhan,
1222,ShoaibAkhtar,
1223,ShoaibKhanjnr,
1224,ShoaibMalik,
1225,SHObed,
1226,SHongsi,
1227,SHTKandamby,
1228,ShuvagataHom,
1229,SidhantSingh,
1230,SikandarRaza,
1231,SikanderZulfiqar,
1232,SIMahmood,
1233,SimandeepSingh,
1234,SimiSingh,
1235,SimranjitSingh,
1236,SJBaard,
1237,SJBenn,
1238,SJHarmison,
1239,SJMyburgh,
1240,SJora,
1241,SJSSmith,
1242,SKRaina,
1243,SKWKelly,
1244,SLamichhane,
1245,SLMalinga,
1246,SLPerera,
1247,SMatsikenyeri,
1248,SMBoland,
1249,SMDavies,
1250,SMHarwood,
1251,SMKatich,
1252,SMPollock,
1253,SMSharif,
1254,SMSMSenanayake,
1255,SMuniandy,
1256,SNJO'Keefe,
1257,SNNetravalkar,
1258,SohagGazi,
1259,SohaibMaqsood,
1260,SohailKhan,
1261,SohailTanvir,
1262,SOHetmyer,
1263,SompalKami,
1264,SONgoche,
1265,SOTikolo,
1266,SoumyaSarkar,
1267,SPDSmith,
1268,SPFleming,
1269,SPGauchan,
1270,SPKhakurel,
1271,SPNarine,
1272,SPPatil,
1273,SPrasanna,
1274,SPTerry,
1275,SRandiv,
1276,SRBhudia,
1277,SRClark,
1278,SRPatel,
1279,SRTendulkar,
1280,SRThompson,
1281,SRWatson,
1282,SSaeed,
1283,SSamarawickrama,
1284,SSCottrell,
1285,SSingh,
1286,SSIyer,
1287,SSMcKechnie,
1288,SSmith,
1289,SSnater,
1290,SSohal,
1291,SSPathirana,
1292,SSreesanth,
1293,STdeSilva,
1294,StevenRyanTaylor,
1295,STFinn,
1296,STGabriel,
1297,STJayasuriya,
1298,STRBinny,
1299,STyagi,
1300,SufyanMehmood,
1301,SuhrawadiShuvo,
1302,SulaimonRunsewe,
1303,SultanAhmed(2),
1304,SultanAhmed,
1305,SurajKumar,
1306,SVarathappan,
1307,SVesawkar,
1308,SVijayakumar,
1309,SVSamson,
1310,SWaqasAhmed,
1311,SWBillings,
1312,SWMasakadza,
1313,SWPoynter,
1314,SWTait,
1315,SyazrulIdrus,
1316,SyedAziz,
1317,SyedRasel,
1318,TABoult,
1319,TafseerAli,
1320,TaijulIslam,
1321,TamimIqbal,
1322,TamoorSajjad,
1323,TAMSiriwardana,
1324,TanveerAhmed,
1325,TanvirAhmed(1),
1326,TanwirAfzal,
1327,TariqAziz,
1328,TaskinAhmed,
1329,TauqeerHussain,
1330,TBavuma,
1331,TBdeBruyn,
1332,TBharaj,
1333,TBSole,
1334,TCBruce,
1335,TCRKimber,
1336,TCVine,
1337,TCWVeillard,
1338,TDAstle,
1339,TDPaine,
1340,TEKane,
1341,TGGordon,
1342,TGJGruijters,
1343,TGSouthee,
1344,THDavid,
1345,THenderson,
1346,TJMurtagh,
1347,TKamungozi,
1348,TKCurran,
1349,TKPatel,
1350,TLanga,
1351,TLBest,
1352,TLChatara,
1353,TLSeifert,
1354,TLungameni,
1355,TLWCooper,
1356,TMaruma,
1357,TMDilshan,
1358,TMDowlin,
1359,TMHead,
1360,TMishra,
1361,TMOdoyo,
1362,TMunyonga,
1363,TMupariwa,
1364,TMuzarabani,
1365,TNdeGrooth,
1366,TPAllen,
1367,TPanyangara,
1368,TPerera,
1369,TPhaswana,
1370,TPUra,
1371,TPVisee,
1372,TRBirt,
1373,TSBraat,
1374,TSChisoro,
1375,TSFray,
1376,TShamsi,
1377,TSMills,
1378,TTaibu,
1379,TTaylor,
1380,TTBresnan,
1381,TThushara,
1382,TTshose,
1383,TvanderGugten,
1384,TWMLatham,
1385,UAryamanSunil,
1386,UBhatti,
1387,UmairAli,
1388,UmarAdam,
1389,UmarAkmal,
1390,UmarAmin,
1391,UmarGul,
1392,UsmanGhani,
1393,UsmanKhan,
1394,UsmanLimbada,
1395,UsmanMushtaq,
1396,UsmanShinwari,
1397,UsmanWaheed,
1398,UTKhawaja,
1399,UTYadav,
1400,UWMBCAWelegedara,
1401,VAteak,
1402,VBalakrishnan,
1403,VBaskaran,
1404,VBChikkannaiah,
1405,VBvanJaarsveld,
1406,VDAdewoye,
1407,VDPhilander,
1408,VGanesan,
1409,VichanathSingh,
1410,VikramjitSingh,
1411,VirandeepSingh,
1412,VJKingma,
1413,VKohli,
1414,VMbazo,
1415,VSehwag,
1416,VShetty,
1417,VSibanda,
1418,VSSolanki,
1419,VSWategaonkar,
1420,VVMorea,
1421,WahabRiaz,
1422,WaheedAhmed,
1423,WalidGhauri,
1424,WaqasBarkat,
1425,WaqasKhan,
1426,WashingtonSundar,
1427,WBarresi,
1428,WBRankin,
1429,WDParnell,
1430,WIAFernando,
1431,WJMalinda,
1432,WJRRobertson,
1433,WKDPerkins,
1434,WKMcCallan,
1435,WNalisa,
1436,WPeatfield,
1437,WPMasakadza,
1438,WPUJCVaas,
1439,WTGavera,
1440,WTMashinge,
1441,WTSPorterfield,
1442,WUTharanga,
1443,WViraliliu,
1444,WWHinds,
1445,XJDoherty,
1446,XMMarshall,
1447,YAAbdulla,
1448,YaminAhmadzai,
1449,YasirAli,
1450,YasirArafat,
1451,YasirShah,
1452,YKPathan,
1453,YounisKhan,
1454,YSChahal,
1455,YSDSeneveratne,
1456,YuvrajSingh,
1457,ZAbbasi,
1458,ZaheerIbrahim,
1459,ZaheerMaqsood,
1460,ZahidHussain,
1461,ZahoorKhan,
1462,ZamirKhan,
1463,ZArinaitwe,
1464,ZawarFarid,
1465,ZeeshanMaqsood,
1466,ZeeshanSiddiqui,
1467,ZEGreen,
1468,ZGroenewald,
1469,ZHoque,
1470,ZiaurRahman,
1471,ZishanShah,
1472,ZKhan,
1473,ZKShem,
1474,ZMcLaughlin,
1475,ZohaibSarwar,
1476,ZubaidiZulkifle,
1477,ZulfiqarBabar,
1478,ZulqarnainHaider(2),
1479,ZulqarnainHaider,
